Workbook

Sheet Order Level Detail
A1: Order ID | B1: AWB Number | C1: Total weight as per X (KG) | D1: Weight slab as per X (KG) | E1: Total weight as per Courier Company (KG) | F1: Weight slab charged by Courier Company (KG) | G1: Delivery Zone as per X | H1: Delivery Zone charged by Courier Company | I1: Expected Charge as per X (Rs.) | J1: Charges Billed by Courier Company (Rs.) | K1: Difference Between Expected Charges and Billed Charges (Rs.)
A2: 2001806232 | B2: 1091117222124 | C2: 1.302 | D2: =CEILING(C2,0.5) -> 1.5 | E2: 1.3 | F2: =CEILING(E2,0.5) -> 1.5 | G2: d | H2: d | I2: 135 | J2: 135 | K2: =ROUND(I2-J2,2) -> 0
A3: 2001806273 | B3: 1091117222194 | C3: 0.615 | D3: =CEILING(C3,0.5) -> 1 | E3: 1 | F3: =CEILING(E3,0.5) -> 1 | G3: d | H3: d | I3: 90.2 | J3: 90.2 | K3: =ROUND(I3-J3,2) -> 0
A4: 2001806408 | B4: 1091117222931 | C4: 2.265 | D4: =CEILING(C4,0.5) -> 2.5 | E4: 2.5 | F4: =CEILING(E4,0.5) -> 2.5 | G4: d | H4: d | I4: 224.6 | J4: 224.6 | K4: =ROUND(I4-J4,2) -> 0
A5: 2001806458 | B5: 1091117223244 | C5: 0.7 | D5: =CEILING(C5,0.5) -> 1 | E5: 1 | F5: =CEILING(E5,0.5) -> 1 | G5: b | H5: b | I5: 61.3 | J5: 61.3 | K5: =ROUND(I5-J5,2) -> 0
A6: 2001807012 | B6: 1091117229345 | C6: 0.24 | D6: =CEILING(C6,0.5) -> 0.5 | E6: 0.15 | F6: =CEILING(E6,0.5) -> 0.5 | G6: d | H6: d | I6: 45.4 | J6: 45.4 | K6: =ROUND(I6-J6,2) -> 0
A7: 2001806686 | B7: 1091117229555 | C7: 0.24 | D7: =CEILING(C7,0.5) -> 0.5 | E7: 0.15 | F7: =CEILING(E7,0.5) -> 0.5 | G7: d | H7: d | I7: 45.4 | J7: 45.4 | K7: =ROUND(I7-J7,2) -> 0
A8: 2001806885 | B8: 1091117229776 | C8: 0.84 | D8: =CEILING(C8,0.5) -> 1 | E8: 1 | F8: =CEILING(E8,0.5) -> 1 | G8: b | H8: b | I8: 61.3 | J8: 61.3 | K8: =ROUND(I8-J8,2) -> 0
A9: 2001807058 | B9: 1091117323112 | C9: 1.168 | D9: =CEILING(C9,0.5) -> 1.5 | E9: 1.15 | F9: =CEILING(E9,0.5) -> 1.5 | G9: b | H9: b | I9: 89.6 | J9: 89.6 | K9: =ROUND(I9-J9,2) -> 0
A10: 2001807186 | B10: 1091117323812 | C10: 0.5 | D10: =CEILING(C10,0.5) -> 0.5 | E10: 0.5 | F10: =CEILING(E10,0.5) -> 0.5 | G10: d | H10: d | I10: 45.4 | J10: 45.4 | K10: =ROUND(I10-J10,2) -> 0
A11: 2001807290 | B11: 1091117324206 | C11: 0.5 | D11: =CEILING(C11,0.5) -> 0.5 | E11: 0.5 | F11: =CEILING(E11,0.5) -> 0.5 | G11: d | H11: d | I11: 45.4 | J11: 45.4 | K11: =ROUND(I11-J11,2) -> 0
A12: 2001807814 | B12: 1091117326612 | C12: 0.607 | D12: =CEILING(C12,0.5) -> 1 | E12: 0.79 | F12: =CEILING(E12,0.5) -> 1 | G12: b | H12: b | I12: 61.3 | J12: 61.3 | K12: =ROUND(I12-J12,2) -> 0
A13: 2001807931 | B13: 1091117327172 | C13: 0.607 | D13: =CEILING(C13,0.5) -> 1 | E13: 0.72 | F13: =CEILING(E13,0.5) -> 1 | G13: d | H13: d | I13: 90.2 | J13: 90.2 | K13: =ROUND(I13-J13,2) -> 0
... A125: 2001811305 | B125: 1091121846136 | C125: 0.75 | D125: =CEILING(C125,0.5) -> 1 | E125: 0.5 | F125: =CEILING(E125,0.5) -> 0.5 | G125: b | H125: d | I125: 61.3 | J125: 45.4 | K125: =ROUND(I125-J125,2) -> 15.9

Sheet Summary
A1: Courier Billing Reconciliation - Summary
B3: Count | C3: Amount (Rs.)
A4: Total orders where X has been correctly charged | B4: =COUNTIFS('Order Level Detail'!$K:$K,">=-0.01",'Order Level Detail'!$K:$K,"<=0.01") -> 22 | C4: =ROUND(SUMIFS('Order Level Detail'!$J:$J,'Order Level Detail'!$K:$K,">=-0.01",'Order Level Detail'!$K:$K,"<=0.01"),2) -> 1826.9
A5: Total Orders where X has been overcharged | B5: =COUNTIF('Order Level Detail'!$K:$K,"<-0.01") -> 79 | C5: =ROUND(-SUMIF('Order Level Detail'!$K:$K,"<-0.01"),2) -> 4426.6
A6: Total Orders where X has been undercharged | B6: =COUNTIF('Order Level Detail'!$K:$K,">0.01") -> 23 | C6: =ROUND(SUMIF('Order Level Detail'!$K:$K,">0.01"),2) -> 575.1
A7: Total Orders | B7: =SUM(B4:B6) -> 124 | C7: =ROUND(SUM('Order Level Detail'!$J:$J),2) -> 13648.2
